modelo,qtd_imagens,epoca,loss,mAP
Custom_FasterRCNN,1605,10,0.3702642356648165,6.481954187620431e-06
Custom_FasterRCNN,1605,20,0.3571656676484089,0.0020811446011066437
Custom_FasterRCNN,1605,30,0.34916849463593724,0.004344237502664328
Custom_FasterRCNN,1605,40,0.3329507255671071,0.013796458952128887
Custom_FasterRCNN,1605,50,0.3255321830511093,0.04177521541714668
Custom_FasterRCNN,1605,60,0.3139589247750301,0.07495900243520737
Custom_FasterRCNN,1605,70,0.3045654752675225,0.10720843821763992
Custom_FasterRCNN,1605,80,0.2958318117786856,0.14981837570667267
Custom_FasterRCNN,1605,90,0.28534235732228147,0.16913257539272308
Custom_FasterRCNN,1605,100,0.276555410787171,0.18581131100654602
Custom_FasterRCNN,1605,110,0.2663705194113301,0.1988573521375656
Custom_FasterRCNN,1605,120,0.25979211137575264,0.20508170127868652
Custom_FasterRCNN,1605,130,0.251973513879028,0.21850574016571045
Custom_FasterRCNN,1605,140,0.24572700963300817,0.22085484862327576
Custom_FasterRCNN,1605,150,0.23945014149534935,0.21812854707241058
Custom_FasterRCNN,3211,10,0.3532219124902593,0.0022883249912410975
Custom_FasterRCNN,3211,20,0.33114982492262773,0.027119619771838188
Custom_FasterRCNN,3211,30,0.316427948303742,0.09713176637887955
Custom_FasterRCNN,3211,40,0.29997036023305196,0.1561734527349472
Custom_FasterRCNN,3211,50,0.2865973175457208,0.21188879013061523
Custom_FasterRCNN,3211,60,0.27415400654962746,0.23187054693698883
Custom_FasterRCNN,3211,70,0.2660230038189652,0.25287020206451416
Custom_FasterRCNN,3211,80,0.25191374506690717,0.2564777135848999
Custom_FasterRCNN,3211,90,0.2421976136098994,0.26887935400009155
Custom_FasterRCNN,3211,100,0.23411992738152496,0.27246469259262085
Custom_FasterRCNN,3211,110,0.2259912002499741,0.2797205448150635
Custom_FasterRCNN,3211,120,0.21814749854626042,0.2779723107814789
Custom_FasterRCNN,3211,130,0.21159606655635457,0.28308841586112976
Custom_FasterRCNN,3211,140,0.20476158295232472,0.29238489270210266
Custom_FasterRCNN,3211,150,0.1976980875329216,0.28881460428237915
Custom_FasterRCNN,4817,10,0.34237381825778657,0.0070937881246209145
Custom_FasterRCNN,4817,20,0.3129474287790968,0.1125665232539177
Custom_FasterRCNN,4817,30,0.29151528086883344,0.19898943603038788
Custom_FasterRCNN,4817,40,0.2735935672624222,0.228044331073761
Custom_FasterRCNN,4817,50,0.26046292316045194,0.25909748673439026
Custom_FasterRCNN,4817,60,0.2463938800112301,0.2743200957775116
Custom_FasterRCNN,4817,70,0.2351066093176406,0.2826777994632721
Custom_FasterRCNN,4817,80,0.22674015756474425,0.2964160740375519
Custom_FasterRCNN,4817,90,0.21937184252881056,0.29533421993255615
Custom_FasterRCNN,4817,100,0.20831248578646325,0.30173665285110474
Custom_FasterRCNN,4817,110,0.2000362772913958,0.3059278428554535
Custom_FasterRCNN,4817,120,0.19352895041175236,0.30972006916999817
Custom_FasterRCNN,4817,130,0.18782671427489905,0.3135632276535034
Custom_FasterRCNN,4817,140,0.18101810397493917,0.3135054409503937
Custom_FasterRCNN,4817,150,0.17462455851352768,0.3130241334438324
Custom_FasterRCNN,6423,10,0.33500506176580835,0.04077393561601639
Custom_FasterRCNN,6423,20,0.30314886807209224,0.16916321218013763
Custom_FasterRCNN,6423,30,0.28022306823908394,0.2289874106645584
Custom_FasterRCNN,6423,40,0.26425265717269175,0.26167911291122437
Custom_FasterRCNN,6423,50,0.25138667944948473,0.28568363189697266
Custom_FasterRCNN,6423,60,0.23785497774532185,0.2933531701564789
Custom_FasterRCNN,6423,70,0.2270255730816381,0.3107885420322418
Custom_FasterRCNN,6423,80,0.21720777355616366,0.3163250684738159
Custom_FasterRCNN,6423,90,0.20791678994300947,0.32277432084083557
Custom_FasterRCNN,6423,100,0.20104643676559725,0.327696293592453
Custom_FasterRCNN,6423,110,0.19223450806306963,0.3290254473686218
Custom_FasterRCNN,6423,120,0.1868199784660814,0.3298497796058655
Custom_FasterRCNN,6423,130,0.180039327647259,0.33664995431900024
Custom_FasterRCNN,6423,140,0.17502718404009568,0.32575228810310364
Custom_FasterRCNN,6423,150,0.16835048323988322,0.3346936106681824
Custom_FasterRCNN,8029,10,0.32868250699869667,0.06723715364933014
Custom_FasterRCNN,8029,20,0.2947523304190769,0.20024287700653076
Custom_FasterRCNN,8029,30,0.2726685107347975,0.24240393936634064
Custom_FasterRCNN,8029,40,0.2589051700327026,0.28614044189453125
Custom_FasterRCNN,8029,50,0.2447375176674816,0.30471932888031006
Custom_FasterRCNN,8029,60,0.2327554510884076,0.32203587889671326
Custom_FasterRCNN,8029,70,0.22246332122272705,0.33203381299972534
Custom_FasterRCNN,8029,80,0.21214177364490897,0.34628942608833313
Custom_FasterRCNN,8029,90,0.20349587660386742,0.3459681272506714
Custom_FasterRCNN,8029,100,0.19522400117252928,0.3584034740924835
Custom_FasterRCNN,8029,110,0.18761956926242288,0.3530464768409729
Custom_FasterRCNN,8029,120,0.1812644730288669,0.36438247561454773
Custom_FasterRCNN,8029,130,0.17500692623782443,0.36400821805000305
Custom_FasterRCNN,8029,140,0.16885771614265632,0.368242472410202
Custom_FasterRCNN,8029,150,0.16544667675913094,0.3638409376144409
Custom_FasterRCNN,9635,10,0.31651580437327065,0.12372562289237976
Custom_FasterRCNN,9635,20,0.2853278186147576,0.23462429642677307
Custom_FasterRCNN,9635,30,0.2635380929669008,0.28087517619132996
Custom_FasterRCNN,9635,40,0.24650585444163012,0.3010864555835724
Custom_FasterRCNN,9635,50,0.2338237924785014,0.32457229495048523
Custom_FasterRCNN,9635,60,0.21922437817055657,0.32964593172073364
Custom_FasterRCNN,9635,70,0.20931284208566148,0.3411005735397339
Custom_FasterRCNN,9635,80,0.1989176015042706,0.35194945335388184
Custom_FasterRCNN,9635,90,0.18983618305712346,0.3445817530155182
Custom_FasterRCNN,9635,100,0.18238203141172202,0.3636568784713745
Custom_FasterRCNN,9635,110,0.17565087648416985,0.3605835437774658
Custom_FasterRCNN,9635,120,0.16950439913383383,0.36393263936042786
Custom_FasterRCNN,9635,130,0.16479759253808204,0.36787348985671997
Custom_FasterRCNN,9635,140,0.1593343290617529,0.36534860730171204
Custom_FasterRCNN,9635,150,0.15498404979508446,0.3627093434333801
Custom_FasterRCNN,11241,10,0.30998363642191346,0.14477337896823883
Custom_FasterRCNN,11241,20,0.27324831642379815,0.26454249024391174
Custom_FasterRCNN,11241,30,0.2516965085894547,0.29110467433929443
Custom_FasterRCNN,11241,40,0.2348133551634171,0.32314440608024597
Custom_FasterRCNN,11241,50,0.2190222421195358,0.34423941373825073
Custom_FasterRCNN,11241,60,0.20576941486532715,0.3579910695552826
Custom_FasterRCNN,11241,70,0.19465114703317257,0.3632086515426636
Custom_FasterRCNN,11241,80,0.18452865052544934,0.3761999011039734
Custom_FasterRCNN,11241,90,0.17672920965758915,0.3702930808067322
Custom_FasterRCNN,11241,100,0.17017010112547062,0.3809390664100647
Custom_FasterRCNN,11241,110,0.1630447078919546,0.3808618187904358
Custom_FasterRCNN,11241,120,0.15666914394718,0.37650594115257263
Custom_FasterRCNN,11241,130,0.15247152021832086,0.38467973470687866
Custom_FasterRCNN,11241,140,0.1469875309743326,0.3807592988014221
Custom_FasterRCNN,11241,150,0.14258778300559657,0.38374078273773193
Custom_FasterRCNN,12847,10,0.3054932427791814,0.15762870013713837
Custom_FasterRCNN,12847,20,0.26832646264958737,0.2638393044471741
Custom_FasterRCNN,12847,30,0.2464936487191352,0.31260526180267334
Custom_FasterRCNN,12847,40,0.2282808352984599,0.34397852420806885
Custom_FasterRCNN,12847,50,0.21351968860300027,0.35185006260871887
Custom_FasterRCNN,12847,60,0.20130849423915592,0.3611453175544739
Custom_FasterRCNN,12847,70,0.1901708851332095,0.37359848618507385
Custom_FasterRCNN,12847,80,0.18149094298407806,0.38171058893203735
Custom_FasterRCNN,12847,90,0.17331566502205767,0.38755345344543457
Custom_FasterRCNN,12847,100,0.16623227498424586,0.39188694953918457
Custom_FasterRCNN,12847,110,0.1598871070613612,0.3944474458694458
Custom_FasterRCNN,12847,120,0.1553296610453532,0.3952343165874481
Custom_FasterRCNN,12847,130,0.15050062716970988,0.39935892820358276
Custom_FasterRCNN,12847,140,0.1449838540706765,0.39301565289497375
Custom_FasterRCNN,12847,150,0.140919272486695,0.3966650068759918
Custom_FasterRCNN,14453,10,0.3012031927638877,0.1863705962896347
Custom_FasterRCNN,14453,20,0.26514357635009606,0.2822209298610687
Custom_FasterRCNN,14453,30,0.24436042421555096,0.3188120424747467
Custom_FasterRCNN,14453,40,0.22812811974271208,0.34512466192245483
Custom_FasterRCNN,14453,50,0.21347451605628023,0.36079347133636475
Custom_FasterRCNN,14453,60,0.20152700804503618,0.37058570981025696
Custom_FasterRCNN,14453,70,0.19108497676134636,0.383330762386322
Custom_FasterRCNN,14453,80,0.1818945429955436,0.38879474997520447
Custom_FasterRCNN,14453,90,0.17352615184752287,0.3879956007003784
Custom_FasterRCNN,14453,100,0.16659954018824924,0.397127628326416
Custom_FasterRCNN,14453,110,0.16123738418440375,0.40152350068092346
Custom_FasterRCNN,14453,120,0.1548399854847024,0.388799250125885
Custom_FasterRCNN,14453,130,0.1500877896571054,0.4042227864265442
Custom_FasterRCNN,14453,140,0.14568126013716765,0.40603068470954895
Custom_FasterRCNN,14453,150,0.1410961578707252,0.40930676460266113
Custom_FasterRCNN,16059,10,0.2919752590091105,0.20738647878170013
Custom_FasterRCNN,16059,20,0.2594622704552939,0.29293355345726013
Custom_FasterRCNN,16059,30,0.23785868264823795,0.338390588760376
Custom_FasterRCNN,16059,40,0.2210797558267753,0.36296042799949646
Custom_FasterRCNN,16059,50,0.2064319641229166,0.38312679529190063
Custom_FasterRCNN,16059,60,0.19521679469491857,0.3949176073074341
Custom_FasterRCNN,16059,70,0.1849097660427312,0.39349859952926636
Custom_FasterRCNN,16059,80,0.1762804666986741,0.40540677309036255
Custom_FasterRCNN,16059,90,0.16865176823272174,0.404935359954834
Custom_FasterRCNN,16059,100,0.16201654425358392,0.41063928604125977
Custom_FasterRCNN,16059,110,0.1562755836463307,0.4119928777217865
Custom_FasterRCNN,16059,120,0.15189174761572682,0.4162535071372986
Custom_FasterRCNN,16059,130,0.14688491733722478,0.4152285158634186
Custom_FasterRCNN,16059,140,0.14232764491047042,0.4164268374443054
